wavelength_um,L_W_m2_sr_um
7.500000000000000000e+00,2.659291511123618434e+01
7.512531328320801727e+00,2.659388884983211554e+01
7.525062656641604342e+00,2.659449397174463314e+01
7.537593984962406068e+00,2.659473294652061881e+01
7.550125313283207795e+00,2.659460824030382753e+01
7.562656641604010410e+00,2.659412231565887197e+01
7.575187969924812137e+00,2.659327763139939904e+01
7.587719298245613864e+00,2.659207664241912283e+01
7.600250626566415590e+00,2.659052179952637474e+01
7.612781954887218205e+00,2.658861554928183679e+01
7.625313283208019932e+00,2.658636033383954356e+01
7.637844611528821659e+00,2.658375859079086823e+01
7.650375939849624274e+00,2.658081275301214319e+01
7.662907268170426001e+00,2.657752524851471065e+01
7.675438596491227727e+00,2.657389850029857570e+01
7.687969924812030342e+00,2.656993492620905428e+01
7.700501253132832069e+00,2.656563693879594368e+01
7.713032581453633796e+00,2.656100694517629535e+01
7.725563909774436411e+00,2.655604734689976354e+01
7.738095238095238138e+00,2.655076053981663620e+01
7.750626566416039864e+00,2.654514891394940079e+01
7.763157894736842479e+00,2.653921485336643826e+01
7.775689223057644206e+00,2.653296073605873318e+01
7.788220551378445933e+00,2.652638893381954333e+01
7.800751879699248548e+00,2.651950181212652780e+01
7.813283208020050274e+00,2.651230173002659640e+01
7.825814536340852001e+00,2.650479104002352670e+01
7.838345864661653728e+00,2.649697208796805370e+01
7.850877192982456343e+00,2.648884721295065603e+01
7.863408521303258070e+00,2.648041874719667632e+01
7.875939849624059796e+00,2.647168901596427659e+01
7.888471177944862411e+00,2.646266033744463186e+01
7.901002506265664138e+00,2.645333502266462489e+01
7.913533834586465865e+00,2.644371537539183237e+01
7.926065162907268480e+00,2.643380369204233915e+01
7.938596491228070207e+00,2.642360226159018666e+01
7.951127819548871933e+00,2.641311336547989086e+01
7.963659147869674548e+00,2.640233927754060872e+01
7.976190476190476275e+00,2.639128226390295850e+01
7.988721804511278002e+00,2.637994458291797528e+01
8.001253132832079729e+00,2.636832848507815541e+01
8.013784461152882344e+00,2.635643621294072148e+01
8.026315789473684958e+00,2.634427000105305439e+01
8.038847117794485797e+00,2.633183207588024999e+01
8.051378446115288412e+00,2.631912465573453730e+01
8.063909774436091027e+00,2.630614995070709483e+01
8.076441102756891866e+00,2.629291016260161840e+01
8.088972431077694480e+00,2.627940748486975409e+01
8.101503759398497095e+00,2.626564410254903947e+01
8.114035087719297934e+00,2.625162219220208826e+01
8.126566416040100549e+00,2.623734392185805930e+01
8.139097744360903164e+00,2.622281145095608323e+01
8.151629072681704002e+00,2.620802693029018116e+01
8.164160401002506617e+00,2.619299250195638606e+01
8.176691729323307456e+00,2.617771029930128179e+01
8.189223057644110071e+00,2.616218244687259542e+01
8.201754385964912686e+00,2.614641106037150209e+01
8.214285714285713524e+00,2.613039824660634025e+01
8.226817042606516139e+00,2.611414610344847631e+01
8.239348370927318754e+00,2.609765671978945534e+01
8.251879699248119593e+00,2.608093217549985710e+01
8.264411027568922208e+00,2.606397454139000303e+01
8.276942355889724823e+00,2.604678587917194932e+01
8.289473684210525661e+00,2.602936824142308936e+01
8.302005012531328276e+00,2.601172367155153964e+01
8.314536340852130891e+00,2.599385420376271227e+01
8.327067669172931730e+00,2.597576186302753598e+01
8.339598997493734345e+00,2.595744866505216208e+01
8.352130325814536960e+00,2.593891661624910228e+01
8.364661654135337798e+00,2.592016771370956718e+01
8.377192982456140413e+00,2.590120394517760971e+01
8.389724310776943028e+00,2.588202728902536975e+01
8.402255639097743867e+00,2.586263971422949481e+01
8.414786967418546482e+00,2.584304318034939030e+01
8.427318295739349097e+00,2.582323963750636864e+01
8.439849624060149935e+00,2.580323102636416621e+01
8.452380952380952550e+00,2.578301927811078542e+01
8.464912280701753389e+00,2.576260631444157312e+01
8.477443609022556004e+00,2.574199404754358866e+01
8.489974937343358619e+00,2.572118438008078556e+01
8.502506265664159457e+00,2.570017920518110088e+01
8.515037593984962072e+00,2.567898040642385737e+01
8.527568922305764687e+00,2.565758985782897383e+01
8.540100250626565526e+00,2.563600942384700332e+01
8.552631578947368141e+00,2.561424095935025136e+01
8.565162907268170756e+00,2.559228630962504525e+01
8.577694235588971594e+00,2.557014731036509048e+01
8.590225563909774209e+00,2.554782578766589296e+01
8.602756892230576824e+00,2.552532355801988473e+01
8.615288220551377663e+00,2.550264242831322647e+01
8.627819548872180277e+00,2.547978419582282683e+01
8.640350877192982892e+00,2.545675064821489286e+01
8.652882205513783731e+00,2.543354356354418044e+01
8.665413533834586346e+00,2.541016471025432111e+01
8.677944862155388961e+00,2.538661584717875996e+01
8.690476190476189799e+00,2.536289872354308628e+01
8.703007518796992414e+00,2.533901507896784722e+01
8.715538847117795029e+00,2.531496664347233150e+01
8.728070175438595868e+00,2.529075513747934068e+01
8.740601503759398483e+00,2.526638227182065322e+01
8.753132832080201098e+00,2.524184974774317780e+01
8.765664160401001936e+00,2.521715925691642468e+01
8.778195488721804551e+00,2.519231248144014401e+01
8.790726817042607166e+00,2.516731109385309750e+01
8.803258145363408005e+00,2.514215675714249798e+01
8.815789473684210620e+00,2.511685112475418791e+01
8.828320802005013235e+00,2.509139584060362083e+01
8.840852130325814073e+00,2.506579253908738991e+01
8.853383458646616688e+00,2.504004284509559497e+01
8.865914786967419303e+00,2.501414837402496971e+01
8.878446115288220142e+00,2.498811073179234654e+01
8.890977443609022757e+00,2.496193151484909123e+01
8.903508771929825372e+00,2.493561231019625879e+01
8.916040100250626210e+00,2.490915469539996963e+01
8.928571428571428825e+00,2.488256023860764543e+01
8.941102756892231440e+00,2.485583049856510485e+01
8.953634085213032279e+00,2.482896702463369465e+01
8.966165413533834894e+00,2.480197135680847254e+01
8.978696741854637509e+00,2.477484502573667768e+01
8.991228070175438347e+00,2.474758955273692962e+01
9.003759398496240962e+00,2.472020644981883208e+01
9.016290726817041801e+00,2.469269721970324483e+01
9.028822055137844416e+00,2.466506335584286802e+01
9.041353383458647031e+00,2.463730634244357276e+01
9.053884711779447869e+00,2.460942765448609748e+01
9.066416040100250484e+00,2.458142875774822045e+01
9.078947368421053099e+00,2.455331110882730172e+01
9.091478696741853938e+00,2.452507615516367423e+01
9.104010025062656553e+00,2.449672533506399930e+01
9.116541353383459168e+00,2.446826007772533629e+01
9.129072681704260006e+00,2.443968180325960660e+01
9.141604010025062621e+00,2.441099192271845908e+01
9.154135338345865236e+00,2.438219183811842328e+01
9.166666666666666075e+00,2.435328294246680514e+01
9.179197994987468689e+00,2.432426661978752946e+01
9.191729323308271304e+00,2.429514424514755078e+01
9.204260651629072143e+00,2.426591718468386816e+01
9.216791979949874758e+00,2.423658679563046547e+01
9.229323308270675597e+00,2.420715442634588399e+01
9.241854636591478211e+00,2.417762141634111828e+01
9.254385964912280826e+00,2.414798909630771107e+01
9.266917293233081665e+00,2.411825878814625312e+01
9.279448621553884280e+00,2.408843180499524195e+01
9.291979949874686895e+00,2.405850945126017848e+01
9.304511278195487733e+00,2.402849302264293030e+01
9.317042606516290348e+00,2.399838380617146072e+01
9.329573934837092963e+00,2.396818308022979238e+01
9.342105263157893802e+00,2.393789211458826571e+01
9.354636591478696417e+00,2.390751217043398924e+01
9.367167919799499032e+00,2.387704450040167004e+01
9.379699248120299870e+00,2.384649034860457562e+01
9.392230576441102485e+00,2.381585095066574098e+01
9.404761904761905100e+00,2.378512753374955935e+01
9.417293233082705939e+00,2.375432131659341195e+01
9.429824561403508554e+00,2.372343350953951457e+01
9.442355889724311169e+00,2.369246531456714777e+01
9.454887218045112007e+00,2.366141792532497945e+01
9.467418546365914622e+00,2.363029252716348694e+01
9.479949874686717237e+00,2.359909029716779827e+01
9.492481203007518076e+00,2.356781240419052281e+01
9.505012531328320691e+00,2.353646000888474887e+01
9.517543859649123306e+00,2.350503426373743565e+01
9.530075187969924144e+00,2.347353631310270927e+01
9.542606516290726759e+00,2.344196729323534356e+01
9.555137844611529374e+00,2.341032833232467780e+01
9.567669172932330213e+00,2.337862055052827159e+01
9.580200501253132828e+00,2.334684506000592918e+01
9.592731829573935443e+00,2.331500296495390856e+01
9.605263157894736281e+00,2.328309536163903104e+01
9.617794486215538896e+00,2.325112333843311774e+01
9.630325814536341511e+00,2.321908797584744022e+01
9.642857142857142350e+00,2.318699034656736657e+01
9.655388471177944965e+00,2.315483151548690444e+01
9.667919799498747579e+00,2.312261253974359931e+01
9.680451127819548418e+00,2.309033446875341866e+01
9.692982456140351033e+00,2.305799834424568218e+01
9.705513784461153648e+00,2.302560520029799562e+01
9.718045112781954487e+00,2.299315606337162876e+01
9.730576441102757101e+00,2.296065195234647405e+01
9.743107769423559716e+00,2.292809387855641035e+01
9.755639097744360555e+00,2.289548284582465243e+01
9.768170426065163170e+00,2.286281985049909693e+01
9.780701754385965785e+00,2.283010588148773223e+01
9.793233082706766623e+00,2.279734192029417272e+01
9.805764411027569238e+00,2.276452894105322855e+01
9.818295739348371853e+00,2.273166791056634040e+01
9.830827067669172692e+00,2.269875978833737662e+01
9.843358395989975307e+00,2.266580552660807868e+01
9.855889724310777922e+00,2.263280607039387604e+01
9.868421052631578760e+00,2.259976235751954832e+01
9.880952380952381375e+00,2.256667531865490162e+01
9.893483709273182214e+00,2.253354587735048753e+01
9.906015037593984829e+00,2.250037495007339672e+01
9.918546365914787444e+00,2.246716344624302764e+01
9.931077694235588282e+00,2.243391226826673446e+01
9.943609022556390897e+00,2.240062231157571659e+01
9.956140350877191736e+00,2.236729446466069859e+01
9.968671679197994351e+00,2.233392960910763136e+01
9.981203007518796966e+00,2.230052861963354971e+01
9.993734335839597804e+00,2.226709236412230553e+01
1.000626566416040042e+01,2.223362170366009494e+01
1.001879699248120303e+01,2.220011749257139755e+01
1.003132832080200387e+01,2.216658057845445029e+01
1.004385964912280649e+01,2.213301180221705522e+01
1.005639097744360910e+01,2.209941199811209955e+01
1.006892230576440994e+01,2.206578199377316096e+01
1.008145363408521256e+01,2.203212261025011287e+01
1.009398496240601517e+01,2.199843466204456988e+01
1.010651629072681601e+01,2.196471895714546108e+01
1.011904761904761862e+01,2.193097629706440799e+01
1.013157894736842124e+01,2.189720747687111668e+01
1.014411027568922208e+01,2.186341328522877703e+01
1.015664160401002469e+01,2.182959450442933402e+01
1.016917293233082731e+01,2.179575191042870941e+01
1.018170426065162815e+01,2.176188627288200550e+01
1.019423558897243076e+01,2.172799835517876588e+01
1.020676691729323338e+01,2.169408891447778842e+01
1.021929824561403422e+01,2.166015870174242153e+01
1.023182957393483683e+01,2.162620846177534517e+01
1.024436090225563945e+01,2.159223893325346921e+01
1.025689223057644028e+01,2.155825084876290276e+01
1.026942355889724290e+01,2.152424493483350432e+01
1.028195488721804551e+01,2.149022191197364862e+01
1.029448621553884635e+01,2.145618249470486205e+01
1.030701754385964897e+01,2.142212739159630175e+01
1.031954887218045158e+01,2.138805730529923466e+01
1.033208020050125242e+01,2.135397293258139584e+01
1.034461152882205504e+01,2.131987496436125085e+01
1.035714285714285765e+01,2.128576408574226875e+01
1.036967418546365849e+01,2.125164097604698910e+01
1.038220551378446110e+01,2.121750630885102495e+01
1.039473684210526372e+01,2.118336075201716540e+01
1.040726817042606456e+01,2.114920496772901970e+01
1.041979949874686717e+01,2.111503961252491024e+01
1.043233082706766979e+01,2.108086533733158063e+01
1.044486215538847063e+01,2.104668278749763743e+01
1.045739348370927324e+01,2.101249260282717657e+01
1.046992481203007586e+01,2.097829541761308647e+01
1.048245614035087669e+01,2.094409186067032280e+01
1.049498746867167931e+01,2.090988255536913343e+01
1.050751879699248192e+01,2.087566811966822300e+01
1.052005012531328276e+01,2.084144916614753029e+01
1.053258145363408538e+01,2.080722630204131463e+01
1.054511278195488799e+01,2.077300012927084438e+01
1.055764411027568883e+01,2.073877124447703579e+01
1.057017543859649145e+01,2.070454023905304908e+01
1.058270676691729406e+01,2.067030769917683841e+01
1.059523809523809490e+01,2.063607420584330043e+01
1.060776942355889751e+01,2.060184033489666433e+01
1.062030075187970013e+01,2.056760665706256574e+01
1.063283208020050097e+01,2.053337373798010290e+01
1.064536340852130358e+01,2.049914213823359432e+01
1.065789473684210620e+01,2.046491241338457812e+01
1.067042606516290704e+01,2.043068511400332810e+01
1.068295739348370965e+01,2.039646078570044097e+01
1.069548872180451049e+01,2.036223996915828494e+01
1.070802005012531311e+01,2.032802320016235598e+01
1.072055137844611572e+01,2.029381100963243867e+01
1.073308270676691656e+01,2.025960392365368534e+01
1.074561403508771917e+01,2.022540246350761350e+01
1.075814536340852001e+01,2.019120714570291497e+01
1.077067669172932263e+01,2.015701848200622237e+01
1.078320802005012524e+01,2.012283697947269090e+01
1.079573934837092608e+01,2.008866314047645929e+01
1.080827067669172870e+01,2.005449746274105038e+01
1.082080200501253131e+01,2.002034043936957275e+01
1.083333333333333215e+01,1.998619255887484059e+01
1.084586466165413476e+01,1.995205430520936929e+01
1.085839598997493738e+01,1.991792615779523601e+01
1.087092731829573822e+01,1.988380859155376967e+01
1.088345864661654083e+01,1.984970207693524813e+01
1.089598997493734345e+01,1.981560707994835369e+01
1.090852130325814429e+01,1.978152406218949366e+01
1.092105263157894690e+01,1.974745348087203212e+01
1.093358395989974952e+01,1.971339578885547184e+01
1.094611528822055035e+01,1.967935143467435566e+01
1.095864661654135297e+01,1.964532086256710741e+01
1.097117794486215558e+01,1.961130451250485152e+01
1.098370927318295642e+01,1.957730282021989865e+01
1.099624060150375904e+01,1.954331621723423851e+01
1.100877192982456165e+01,1.950934513088789046e+01
1.102130325814536249e+01,1.947538998436715829e+01
1.103383458646616511e+01,1.944145119673254385e+01
1.104636591478696772e+01,1.940752918294690588e+01
1.105889724310776856e+01,1.937362435390313919e+01
1.107142857142857117e+01,1.933973711645184324e+01
1.108395989974937379e+01,1.930586787342897992e+01
1.109649122807017463e+01,1.927201702368323311e+01
1.110902255639097724e+01,1.923818496210331475e+01
1.112155388471177986e+01,1.920437207964512893e+01
1.113408521303258070e+01,1.917057876335883293e+01
1.114661654135338331e+01,1.913680539641563527e+01
1.115914786967418593e+01,1.910305235813474312e+01
1.117167919799498677e+01,1.906932002400988324e+01
1.118421052631578938e+01,1.903560876573579819e+01
1.119674185463659200e+01,1.900191895123470687e+01
1.120927318295739283e+01,1.896825094468247386e+01
1.122180451127819545e+01,1.893460510653480711e+01
1.123433583959899806e+01,1.890098179355317143e+01
1.124686716791979890e+01,1.886738135883069134e+01
1.125939849624060152e+01,1.883380415181786915e+01
1.127192982456140413e+01,1.880025051834810057e+01
1.128446115288220497e+01,1.876672080066332526e+01
1.129699248120300759e+01,1.873321533743913747e+01
1.130952380952381020e+01,1.869973446381015947e+01
1.132205513784461104e+01,1.866627851139501004e+01
1.133458646616541365e+01,1.863284780832129783e+01
1.134711779448621627e+01,1.859944267925040506e+01
1.135964912280701711e+01,1.856606344540222153e+01
1.137218045112781972e+01,1.853271042457962281e+01
1.138471177944862234e+01,1.849938393119291291e+01
1.139724310776942318e+01,1.846608427628417815e+01
1.140977443609022579e+01,1.843281176755137096e+01
1.142230576441102841e+01,1.839956670937234762e+01
1.143483709273182924e+01,1.836634940282884898e+01
1.144736842105263186e+01,1.833316014573021846e+01
1.145989974937343447e+01,1.829999923263702755e+01
1.147243107769423531e+01,1.826686695488463741e+01
1.148496240601503793e+01,1.823376360060656864e+01
1.149749373433583877e+01,1.820068945475778577e+01
1.151002506265664138e+01,1.816764479913781472e+01
1.152255639097744222e+01,1.813462991241371469e+01
1.153508771929824661e+01,1.810164507014304291e+01
1.154761904761904745e+01,1.806869054479653158e+01
1.156015037593984829e+01,1.803576660578072932e+01
1.157268170426065268e+01,1.800287351946052894e+01
1.158521303258145352e+01,1.797001154918151755e+01
1.159774436090225436e+01,1.793718095529224854e+01
1.161027568922305697e+01,1.790438199516631457e+01
1.162280701754385959e+01,1.787161492322439571e+01
1.163533834586466043e+01,1.783887999095609800e+01
1.164786967418546304e+01,1.780617744694173510e+01
1.166040100250626566e+01,1.777350753687390394e+01
1.167293233082706649e+01,1.774087050357902129e+01
1.168546365914786911e+01,1.770826658703867906e+01
1.169799498746867172e+01,1.767569602441091448e+01
1.171052631578947256e+01,1.764315905005133800e+01
1.172305764411027518e+01,1.761065589553411570e+01
1.173558897243107779e+01,1.757818678967283788e+01
1.174812030075187863e+01,1.754575195854140190e+01
1.176065162907268125e+01,1.751335162549446878e+01
1.177318295739348386e+01,1.748098601118812567e+01
1.178571428571428470e+01,1.744865533360021814e+01
1.179824561403508731e+01,1.741635980805067518e+01
1.181077694235588993e+01,1.738409964722159273e+01
1.182330827067669077e+01,1.735187506117737044e+01
1.183583959899749338e+01,1.731968625738455358e+01
1.184837092731829600e+01,1.728753344073165721e+01
1.186090225563909684e+01,1.725541681354886592e+01
1.187343358395989945e+01,1.722333657562755604e+01
1.188596491228070207e+01,1.719129292423981425e+01
1.189849624060150290e+01,1.715928605415768260e+01
1.191102756892230552e+01,1.712731615767243909e+01
1.192355889724310813e+01,1.709538342461365801e+01
1.193609022556390897e+01,1.706348804236819205e+01
1.194862155388471159e+01,1.703163019589904081e+01
1.196115288220551420e+01,1.699981006776411974e+01
1.197368421052631504e+01,1.696802783813485860e+01
1.198621553884711766e+01,1.693628368481475732e+01
1.199874686716792027e+01,1.690457778325778548e+01
1.201127819548872111e+01,1.687291030658663971e+01
1.202380952380952372e+01,1.684128142561096908e+01
1.203634085213032634e+01,1.680969130884544072e+01
1.204887218045112718e+01,1.677814012252763476e+01
1.206140350877192979e+01,1.674662803063598204e+01
1.207393483709273241e+01,1.671515519490742463e+01
1.208646616541353325e+01,1.668372177485507279e+01
1.209899749373433586e+01,1.665232792778568793e+01
1.211152882205513848e+01,1.662097380881716546e+01
1.212406015037593932e+01,1.658965957089565535e+01
1.213659147869674193e+01,1.655838536481295620e+01
1.214912280701754455e+01,1.652715133922345814e+01
1.216165413533834538e+01,1.649595764066113546e+01
1.217418546365914800e+01,1.646480441355642199e+01
1.218671679197995061e+01,1.643369180025293375e+01
1.219924812030075145e+01,1.640261994102419507e+01
1.221177944862155407e+01,1.637158897409004155e+01
1.222431077694235668e+01,1.634059903563319338e+01
1.223684210526315752e+01,1.630965025981550554e+01
1.224937343358395836e+01,1.627874277879420717e+01
1.226190476190476275e+01,1.624787672273802031e+01
1.227443609022556359e+01,1.621705221984320389e+01
1.228696741854636443e+01,1.618626939634941309e+01
1.229949874686716882e+01,1.615552837655555152e+01
1.231203007518796966e+01,1.612482928283549199e+01
1.232456140350877050e+01,1.609417223565362676e+01
1.233709273182957489e+01,1.606355735358038928e+01
1.234962406015037573e+01,1.603298475330773343e+01
1.236215538847117656e+01,1.600245454966429648e+01
1.237468671679198096e+01,1.597196685563073437e+01
1.238721804511278179e+01,1.594152178235473727e+01
1.239974937343358263e+01,1.591111943916609306e+01
1.241228070175438525e+01,1.588075993359152349e+01
1.242481203007518786e+01,1.585044337136957004e+01
1.243734335839598870e+01,1.582016985646525953e+01
1.244987468671679132e+01,1.578993949108471107e+01
1.246240601503759393e+01,1.575975237568966136e+01
1.247493734335839477e+01,1.572960860901192071e+01
1.248746867167919739e+01,1.569950828806760690e+01
1.250000000000000000e+01,1.566945150817148757e+01
