scheme,scene_temp_K,hours_since_cal,signal_e,well_fill_pct,sigma_temporal_e,sigma_readout_total_e,nuc_residual_e,gain_drift_e,offset_drift_e,sigma_calibration_e,sigma_total_e,nedt_mK,cal_floor_mK,accuracy_pct,accuracy_K,bias_K
none,280.0,0.0,4341454.347369621,21.707571736848102,2145.890882757778,2145.890882757778,0.0,0.0,0.0,0.0,2145.890882757778,26.844365589723182,0.0,,,
none_detection,280.0,0.0,4341454.347369621,21.707571736848102,2145.890882757778,86856.11773386222,0.0,0.0,0.0,0.0,86856.11773386222,1086.5405118620938,0.0,,,
two_point,280.0,0.0,4341454.347369621,21.707571736848102,2145.890882757778,2145.890882757778,1195.9045585513932,0.0,0.0,1195.9045585513932,2456.630903059505,30.731617628194673,14.960359558875966,0.9551389340674744,0.5187370849787495,0.5187370849787495
none,285.0,0.0,4752807.094256679,23.764335471283392,2239.6875736562033,2239.6875736562033,0.0,0.0,0.0,0.0,2239.6875736562033,26.46953385332481,0.0,,,
none_detection,285.0,0.0,4752807.094256679,23.764335471283392,2239.6875736562033,95082.99695799578,0.0,0.0,0.0,0.0,95082.99695799578,1123.7293256695914,0.0,,,
two_point,285.0,0.0,4752807.094256679,23.764335471283392,2239.6875736562033,2239.6875736562033,525.1360212901313,0.0,0.0,525.1360212901313,2300.4278446511726,27.18738694956574,6.2062699532899765,0.9551389340674744,0.5365072421871744,0.5365072421871744
none,290.0,0.0,5187695.029393896,25.938775146969483,2334.7565960346337,2334.7565960346337,0.0,0.0,0.0,0.0,2334.7565960346337,26.130157437149364,0.0,,,
none_detection,290.0,0.0,5187695.029393896,25.938775146969483,2334.7565960346337,103780.60018886952,0.0,0.0,0.0,0.0,103780.60018886952,1161.4929909450768,0.0,,,
two_point,290.0,0.0,5187695.029393896,25.938775146969483,2334.7565960346337,2334.7565960346337,0.0,0.0,0.0,0.0,2334.7565960346337,26.130157437149364,0.0,0.9551389340674744,0.554550882811337,0.554550882811337
none,295.0,0.0,5646407.7740573175,28.23233887028659,2431.0082491408066,2431.0082491408066,0.0,0.0,0.0,0.0,2431.0082491408066,25.822646975175065,0.0,,,
none_detection,295.0,0.0,5646407.7740573175,28.23233887028659,2431.0082491408066,112954.71703953473,0.0,0.0,0.0,0.0,112954.71703953473,1199.82718418318,0.0,,,
two_point,295.0,0.0,5646407.7740573175,28.23233887028659,2431.0082491408066,2431.0082491408066,348.9519388036593,0.0,0.0,348.9519388036593,2455.9251949083227,26.087319665809314,3.706636014178275,0.9551389340674744,0.572866086435961,0.572866086435961
none,300.0,0.0,6129198.209955128,30.646291049775638,2528.3574793308917,2528.3574793308917,0.0,0.0,0.0,0.0,2528.3574793308917,25.54388533073671,0.0,,,
none_detection,300.0,0.0,6129198.209955128,30.646291049775638,2528.3574793308917,122610.40278177927,0.0,0.0,0.0,0.0,122610.40278177927,1238.7275512330064,0.0,,,
two_point,300.0,0.0,6129198.209955128,30.646291049775638,2528.3574793308917,2528.3574793308917,488.94588454305153,0.0,0.0,488.94588454305153,2575.2008895035833,26.01714226047616,4.939798944494431,0.9551389340674744,0.5914508938899468,0.5914508938899468
none,305.0,0.0,6636283.745249749,33.18171872624875,2626.723639552338,2626.723639552338,0.0,0.0,0.0,0.0,2626.723639552338,25.29115205633921,0.0,,,
none_detection,305.0,0.0,6636283.745249749,33.18171872624875,2626.723639552338,132752.00358587812,0.0,0.0,0.0,0.0,132752.00358587812,1278.1897029130664,0.0,,,
two_point,305.0,0.0,6636283.745249749,33.18171872624875,2626.723639552338,2626.723639552338,385.00874475408807,0.0,0.0,385.00874475408807,2654.7897868042587,25.56138421441462,3.70701910165754,0.9551389340674744,0.6103033098321755,0.6103033098321755
none,310.0,0.0,7167847.659799754,35.83953829899877,2726.030262695755,2726.030262695755,0.0,0.0,0.0,0.0,2726.030262695755,25.062061827293874,0.0,,,
none_detection,310.0,0.0,7167847.659799754,35.83953829899877,2726.030262695755,143383.18336064328,0.0,0.0,0.0,0.0,143383.18336064328,1318.2092126978398,0.0,,,
two_point,310.0,0.0,7167847.659799754,35.83953829899877,2726.030262695755,2726.030262695755,0.0,0.0,0.0,0.0,2726.030262695755,25.062061827293874,0.0,0.9551389340674744,0.629421305303327,0.629421305303327
none,315.0,0.0,7724040.50994804,38.6205025497402,2826.204848074777,2826.204848074777,0.0,0.0,0.0,0.0,2826.204848074777,24.8545139606638,0.0,,,
none_detection,315.0,0.0,7724040.50994804,38.6205025497402,2826.204848074777,154506.9517969034,0.0,0.0,0.0,0.0,154506.9517969034,1358.7816159439758,0.0,,,
two_point,315.0,0.0,7724040.50994804,38.6205025497402,2826.204848074777,2826.204848074777,705.3486031710345,0.0,0.0,705.3486031710345,2912.8938352224072,25.616883554206996,6.203052378383488,0.9551389340674744,0.6488028202363915,0.6488028202363915
none,320.0,0.0,8304981.575324714,41.52520787662357,2927.1786601876643,2927.1786601876643,0.0,0.0,0.0,0.0,2927.1786601876643,24.6666507824295,0.0,,,
none_detection,320.0,0.0,8304981.575324714,41.52520787662357,2927.1786601876643,166125.69326116247,0.0,0.0,0.0,0.0,166125.69326116247,1399.90241026128,0.0,,,
two_point,320.0,0.0,8304981.575324714,41.52520787662357,2927.1786601876643,2927.1786601876643,1772.3860991365273,0.0,0.0,1772.3860991365273,3421.9478945580754,28.835955542707616,14.935483629219382,0.9551389340674744,0.6684457659195073,0.6684457659195073
none,330.0,0.0,9541437.93950737,47.70748969753685,3131.2667201694435,3131.2667201694435,0.0,0.0,0.0,0.0,3131.2667201694435,24.34356141107162,0.0,,,
none_detection,330.0,0.0,9541437.93950737,47.70748969753685,3131.2667201694435,190854.68297283436,0.0,0.0,0.0,0.0,190854.68297283436,1483.7709817605007,0.0,,,
two_point,330.0,0.0,9541437.93950737,47.70748969753685,3131.2667201694435,3131.2667201694435,5167.0007957144935,0.0,0.0,5167.0007957144935,6041.748794492776,46.97066585277793,40.170069311350495,0.9551389340674744,0.7085074658645444,0.7085074658645444
none,340.0,0.0,10877601.670619875,54.388308353099376,3337.812907272247,3337.812907272247,0.0,0.0,0.0,0.0,3337.812907272247,24.081615504893534,0.0,,,
none_detection,340.0,0.0,10877601.670619875,54.388308353099376,3337.812907272247,217577.84408545113,0.0,0.0,0.0,0.0,217577.84408545113,1569.778213821899,0.0,,,
two_point,340.0,0.0,10877601.670619875,54.388308353099376,3337.812907272247,3337.812907272247,10554.076649940822,0.0,0.0,10554.076649940822,11069.305711596337,79.86270394964427,76.14543503600855,0.9551389340674744,0.7495892126388961,0.7495892126388961
two_point,340.0,0.0,10877601.670619875,54.388308353099376,3337.812907272247,3337.812907272247,10554.076649940822,0.0,0.0,10554.076649940822,11069.305711596337,79.86270394964427,76.14543503600855,0.9551389340674744,0.7495892126388961,0.7495892126388961
two_point,340.0,6.0,10877601.670619875,54.388308353099376,3337.812907272247,3337.812907272247,10554.076649940822,3263.2805011859627,4320.0,11861.700281251697,12322.375118709859,88.90333519572371,85.57966349313182,0.9551389340674744,0.7495892126388961,0.7495892126388961
two_point,340.0,24.0,10877601.670619875,54.388308353099376,3337.812907272247,3337.812907272247,10554.076649940822,13053.122004743851,17280.0,24090.888900236834,24321.01813262569,175.4710115960565,173.81067776525663,0.9551389340674744,0.7495892126388961,0.7495892126388961
two_point,340.0,72.0,10877601.670619875,54.388308353099376,3337.812907272247,3337.812907272247,10554.076649940822,39159.36601423156,51840.0,65819.67852070823,65904.25688507028,475.48530086397244,474.8750858198152,0.9551389340674744,0.7495892126388961,0.7495892126388961
