wavelength_um,n_refr,alpha_cm_inv
0.6000,2.61411,0.005
0.6200,2.59945,0.005
0.6400,2.58670,0.005
0.6600,2.57551,0.005
0.6800,2.56561,0.005
0.7000,2.55679,0.005
0.7200,2.54889,0.005
0.7400,2.54178,0.005
0.7600,2.53535,0.005
0.7800,2.52950,0.005
0.8000,2.52418,0.005
0.8200,2.51930,0.005
0.8400,2.51482,0.005
0.8600,2.51071,0.005
0.8800,2.50690,0.005
0.9000,2.50339,0.005
0.9200,2.50012,0.005
0.9400,2.49709,0.005
0.9600,2.49427,0.005
0.9800,2.49164,0.005
1.0000,2.48917,0.005
1.0200,2.48687,0.005
1.0400,2.48471,0.005
1.0600,2.48267,0.005
1.0800,2.48076,0.005
1.1000,2.47896,0.005
1.1200,2.47727,0.005
1.1400,2.47566,0.005
1.1600,2.47415,0.005
1.1800,2.47271,0.005
1.2000,2.47135,0.005
1.2200,2.47006,0.005
1.2400,2.46884,0.005
1.2600,2.46767,0.005
1.2800,2.46657,0.005
1.3000,2.46551,0.005
1.3200,2.46451,0.00479881
1.3400,2.46355,0.00460856
1.3600,2.46263,0.00442851
1.3800,2.46175,0.00425796
1.4000,2.46091,0.0040963
1.4200,2.46011,0.00394294
1.4400,2.45934,0.00379735
1.4600,2.45861,0.00365904
1.4800,2.45790,0.00352754
1.5000,2.45722,0.00340244
1.5200,2.45657,0.00328334
1.5400,2.45595,0.00316989
1.5600,2.45534,0.00306175
1.5800,2.45476,0.00295861
1.6000,2.45421,0.00286017
1.6200,2.45367,0.00276617
1.6400,2.45315,0.00267636
1.6600,2.45265,0.0025905
1.6800,2.45217,0.00250837
1.7000,2.45170,0.00242977
1.7200,2.45125,0.00235452
1.7400,2.45082,0.00228242
1.7600,2.45040,0.00221332
1.7800,2.44999,0.00214705
1.8000,2.44960,0.00208348
1.8200,2.44921,0.00202246
1.8400,2.44884,0.00196387
1.8600,2.44849,0.00190758
1.8800,2.44814,0.00185348
1.9000,2.44780,0.00180146
1.9200,2.44747,0.00175142
1.9400,2.44716,0.00170328
1.9600,2.44685,0.00165692
1.9800,2.44655,0.00161229
2.0000,2.44625,0.00156928
2.0500,2.44556,0.00146843
2.1000,2.44491,0.00137626
2.1500,2.44430,0.00129185
2.2000,2.44372,0.00121437
2.2500,2.44318,0.00114314
2.3000,2.44267,0.00107751
2.3500,2.44219,0.00101694
2.4000,2.44173,0.000960948
2.4500,2.44129,0.000909099
2.5000,2.44088,0.000861012
2.5500,2.44048,0.000816346
2.6000,2.44011,0.000774799
2.6500,2.43974,0.000736098
2.7000,2.43940,0.0007
2.7500,2.43906,0.00067928
2.8000,2.43874,0.00065953
2.8500,2.43843,0.00064069
2.9000,2.43814,0.000622701
2.9500,2.43785,0.000605512
3.0000,2.43757,0.000589074
3.0500,2.43730,0.000573344
3.1000,2.43703,0.000558279
3.1500,2.43678,0.000543842
3.2000,2.43653,0.000529996
3.2500,2.43629,0.00051671
3.3000,2.43605,0.000503952
3.3500,2.43582,0.000491694
3.4000,2.43559,0.000479909
3.4500,2.43537,0.000468573
3.5000,2.43515,0.000457661
3.5500,2.43493,0.000447154
3.6000,2.43472,0.000437029
3.6500,2.43451,0.000427269
3.7000,2.43431,0.000417855
3.7500,2.43411,0.00040877
3.8000,2.43391,0.0004
3.8500,2.43371,0.0004
3.9000,2.43352,0.0004
3.9500,2.43332,0.0004
4.0000,2.43313,0.0004
4.0500,2.43294,0.0004
4.1000,2.43276,0.0004
4.1500,2.43257,0.0004
4.2000,2.43238,0.0004
4.2500,2.43220,0.0004
4.3000,2.43202,0.0004
4.3500,2.43183,0.0004
4.4000,2.43165,0.0004
4.4500,2.43147,0.0004
4.5000,2.43129,0.0004
4.5500,2.43111,0.0004
4.6000,2.43093,0.0004
4.6500,2.43075,0.0004
4.7000,2.43057,0.0004
4.7500,2.43040,0.0004
4.8000,2.43022,0.0004
4.8500,2.43004,0.0004
4.9000,2.42986,0.0004
4.9500,2.42968,0.0004
5.0000,2.42950,0.0004
5.0500,2.42932,0.0004
5.1000,2.42915,0.0004
5.1500,2.42897,0.0004
5.2000,2.42879,0.0004
5.2500,2.42861,0.0004
5.3000,2.42843,0.000401206
5.3500,2.42824,0.000402404
5.4000,2.42806,0.000403595
5.4500,2.42788,0.000404778
5.5000,2.42770,0.000405953
5.5500,2.42751,0.000407122
5.6000,2.42733,0.000408283
5.6500,2.42715,0.000409437
5.7000,2.42696,0.000410585
5.7500,2.42677,0.000411725
5.8000,2.42659,0.000412859
5.8500,2.42640,0.000413986
5.9000,2.42621,0.000415106
5.9500,2.42602,0.00041622
6.0000,2.42583,0.000417328
6.0500,2.42564,0.000418429
6.1000,2.42545,0.000419524
6.1500,2.42526,0.000420613
6.2000,2.42506,0.000421696
6.2500,2.42487,0.000422774
6.3000,2.42467,0.000423845
6.3500,2.42447,0.00042491
6.4000,2.42428,0.00042597
6.4500,2.42408,0.000427024
6.5000,2.42388,0.000428072
6.5500,2.42368,0.000429116
6.6000,2.42347,0.000430153
6.6500,2.42327,0.000431185
6.7000,2.42307,0.000432212
6.7500,2.42286,0.000433234
6.8000,2.42265,0.000434251
6.8500,2.42245,0.000435262
6.9000,2.42224,0.000436269
6.9500,2.42203,0.00043727
7.0000,2.42182,0.000438267
7.0500,2.42160,0.000439259
7.1000,2.42139,0.000440246
7.1500,2.42117,0.000441228
7.2000,2.42096,0.000442206
7.2500,2.42074,0.000443178
7.3000,2.42052,0.000444147
7.3500,2.42030,0.000445111
7.4000,2.42008,0.00044607
7.4500,2.41986,0.000447025
7.5000,2.41963,0.000447976
7.5500,2.41941,0.000448922
7.6000,2.41918,0.000449864
7.6500,2.41895,0.000450802
7.7000,2.41872,0.000451736
7.7500,2.41849,0.000452665
7.8000,2.41826,0.000453591
7.8500,2.41802,0.000454512
7.9000,2.41779,0.000455429
7.9500,2.41755,0.000456343
8.0000,2.41731,0.000457252
8.0500,2.41707,0.000458158
8.1000,2.41683,0.00045906
8.1500,2.41659,0.000459958
8.2000,2.41635,0.000460852
8.2500,2.41610,0.000461743
8.3000,2.41585,0.00046263
8.3500,2.41561,0.000463513
8.4000,2.41536,0.000464393
8.4500,2.41510,0.000465269
8.5000,2.41485,0.000466141
8.5500,2.41460,0.000467011
8.6000,2.41434,0.000467876
8.6500,2.41408,0.000468738
8.7000,2.41383,0.000469597
8.7500,2.41357,0.000470453
8.8000,2.41330,0.000471305
8.8500,2.41304,0.000472153
8.9000,2.41277,0.000472999
8.9500,2.41251,0.000473841
9.0000,2.41224,0.00047468
9.0500,2.41197,0.000475516
9.1000,2.41170,0.000476349
9.1500,2.41143,0.000477179
9.2000,2.41115,0.000478005
9.2500,2.41087,0.000478829
9.3000,2.41060,0.000479649
9.3500,2.41032,0.000480467
9.4000,2.41004,0.000481281
9.4500,2.40975,0.000482093
9.5000,2.40947,0.000482902
9.5500,2.40918,0.000483707
9.6000,2.40890,0.00048451
9.6500,2.40861,0.00048531
9.7000,2.40831,0.000486107
9.7500,2.40802,0.000486902
9.8000,2.40773,0.000487693
9.8500,2.40743,0.000488482
9.9000,2.40713,0.000489268
9.9500,2.40683,0.000490052
10.0000,2.40653,0.000490832
10.0500,2.40623,0.00049161
10.1000,2.40592,0.000492386
10.1500,2.40562,0.000493159
10.2000,2.40531,0.000493929
10.2500,2.40500,0.000494697
10.3000,2.40469,0.000495462
10.3500,2.40438,0.000496224
10.4000,2.40406,0.000496984
10.4500,2.40374,0.000497742
10.5000,2.40342,0.000498497
10.5500,2.40310,0.00049925
10.6000,2.40278,0.0005
10.6500,2.40246,0.0005
10.7000,2.40213,0.0005
10.7500,2.40180,0.0005
10.8000,2.40147,0.0005
10.8500,2.40114,0.0005
10.9000,2.40081,0.0005
10.9500,2.40047,0.0005
11.0000,2.40014,0.0005
11.0500,2.39980,0.0005
11.1000,2.39946,0.0005
11.1500,2.39911,0.0005
11.2000,2.39877,0.0005
11.2500,2.39842,0.0005
11.3000,2.39807,0.0005
11.3500,2.39772,0.0005
11.4000,2.39737,0.0005
11.4500,2.39702,0.0005
11.5000,2.39666,0.0005
11.5500,2.39630,0.0005
11.6000,2.39594,0.0005
11.6500,2.39558,0.0005
11.7000,2.39522,0.0005
11.7500,2.39485,0.0005
11.8000,2.39448,0.0005
11.8500,2.39412,0.0005
11.9000,2.39374,0.0005
11.9500,2.39337,0.0005
12.0000,2.39299,0.0005
12.0500,2.39262,0.0005
12.1000,2.39224,0.0005
12.1500,2.39186,0.0005
12.2000,2.39147,0.0005
12.2500,2.39109,0.0005
12.3000,2.39070,0.0005
12.3500,2.39031,0.0005
12.4000,2.38992,0.0005
12.4500,2.38952,0.0005
12.5000,2.38913,0.0005
12.5500,2.38873,0.0005
12.6000,2.38833,0.0005
12.6500,2.38792,0.0005
12.7000,2.38752,0.0005
12.7500,2.38711,0.0005
12.8000,2.38670,0.0005
12.8500,2.38629,0.0005
12.9000,2.38588,0.0005
12.9500,2.38547,0.0005
13.0000,2.38505,0.0005
13.0500,2.38463,0.0005
13.1000,2.38421,0.0005
13.1500,2.38378,0.0005
13.2000,2.38336,0.0005
13.2500,2.38293,0.0005
13.3000,2.38250,0.0005
13.3500,2.38207,0.0005
13.4000,2.38163,0.0005
13.4500,2.38119,0.0005
13.5000,2.38075,0.0005
13.5500,2.38031,0.0005
13.6000,2.37987,0.0005
13.6500,2.37942,0.0005
13.7000,2.37897,0.0005
13.7500,2.37852,0.0005
13.8000,2.37807,0.0005
13.8500,2.37761,0.0005
13.9000,2.37715,0.0005
13.9500,2.37669,0.0005
14.0000,2.37623,0.0005
